residue_a,count_A,count_B,hat_p
1,49,48,0.9795918367346939
3,49,0,0.0
5,49,49,1.0
7,49,0,0.0
9,49,49,1.0
11,49,0,0.0
13,49,49,1.0
15,49,0,0.0
17,49,49,1.0
19,49,0,0.0
21,49,49,1.0
23,49,0,0.0
25,49,49,1.0
27,49,0,0.0
29,49,49,1.0
31,49,0,0.0
33,49,49,1.0
35,49,0,0.0
37,49,49,1.0
39,49,0,0.0
41,49,49,1.0
43,49,0,0.0
45,49,49,1.0
47,49,0,0.0
49,49,49,1.0
51,49,0,0.0
53,49,49,1.0
55,49,0,0.0
57,49,49,1.0
59,49,0,0.0
61,49,49,1.0
63,49,0,0.0
65,49,49,1.0
67,49,0,0.0
69,49,49,1.0
71,49,0,0.0
73,49,49,1.0
75,49,0,0.0
77,49,49,1.0
79,49,0,0.0
81,49,49,1.0
83,49,0,0.0
85,49,49,1.0
87,49,0,0.0
89,49,49,1.0
91,49,0,0.0
93,49,49,1.0
95,49,0,0.0
97,49,49,1.0
99,49,0,0.0
101,49,49,1.0
103,49,0,0.0
105,49,49,1.0
107,49,0,0.0
109,49,49,1.0
111,49,0,0.0
113,49,49,1.0
115,49,0,0.0
117,49,49,1.0
119,49,0,0.0
121,49,49,1.0
123,49,0,0.0
125,49,49,1.0
127,49,0,0.0
129,49,49,1.0
131,49,0,0.0
133,49,49,1.0
135,49,0,0.0
137,49,49,1.0
139,49,0,0.0
141,49,49,1.0
143,49,0,0.0
145,49,49,1.0
147,49,0,0.0
149,49,49,1.0
151,49,0,0.0
153,49,49,1.0
155,49,0,0.0
157,49,49,1.0
159,49,0,0.0
161,49,49,1.0
163,49,0,0.0
165,49,49,1.0
167,49,0,0.0
169,49,49,1.0
171,49,0,0.0
173,49,49,1.0
175,49,0,0.0
177,49,49,1.0
179,49,0,0.0
181,49,49,1.0
183,49,0,0.0
185,49,49,1.0
187,49,0,0.0
189,49,49,1.0
191,49,0,0.0
193,49,49,1.0
195,49,0,0.0
197,49,49,1.0
199,49,0,0.0
201,49,49,1.0
203,49,0,0.0
205,49,49,1.0
207,49,0,0.0
209,49,49,1.0
211,49,0,0.0
213,49,49,1.0
215,49,0,0.0
217,49,49,1.0
219,49,0,0.0
221,49,49,1.0
223,49,0,0.0
225,49,49,1.0
227,49,0,0.0
229,49,49,1.0
231,49,0,0.0
233,49,49,1.0
235,49,0,0.0
237,49,49,1.0
239,49,0,0.0
241,49,49,1.0
243,49,0,0.0
245,49,49,1.0
247,49,0,0.0
249,49,49,1.0
251,49,0,0.0
253,49,49,1.0
255,49,0,0.0
257,49,49,1.0
259,49,0,0.0
261,49,49,1.0
263,49,0,0.0
265,49,49,1.0
267,49,0,0.0
269,49,49,1.0
271,49,0,0.0
273,49,49,1.0
275,49,0,0.0
277,49,49,1.0
279,49,0,0.0
281,49,49,1.0
283,49,0,0.0
285,49,49,1.0
287,49,0,0.0
289,49,49,1.0
291,49,0,0.0
293,49,49,1.0
295,49,0,0.0
297,49,49,1.0
299,49,0,0.0
301,49,49,1.0
303,49,0,0.0
305,49,49,1.0
307,49,0,0.0
309,49,49,1.0
311,49,0,0.0
313,49,49,1.0
315,49,0,0.0
317,49,49,1.0
319,49,0,0.0
321,49,49,1.0
323,49,0,0.0
325,49,49,1.0
327,49,0,0.0
329,49,49,1.0
331,49,0,0.0
333,49,49,1.0
335,49,0,0.0
337,49,49,1.0
339,49,0,0.0
341,49,49,1.0
343,49,0,0.0
345,49,49,1.0
347,49,0,0.0
349,49,49,1.0
351,49,0,0.0
353,49,49,1.0
355,49,0,0.0
357,49,49,1.0
359,49,0,0.0
361,49,49,1.0
363,49,0,0.0
365,49,49,1.0
367,49,0,0.0
369,49,49,1.0
371,49,0,0.0
373,49,49,1.0
375,49,0,0.0
377,49,49,1.0
379,49,0,0.0
381,49,49,1.0
383,49,0,0.0
385,49,49,1.0
387,49,0,0.0
389,49,49,1.0
391,49,0,0.0
393,49,49,1.0
395,49,0,0.0
397,49,49,1.0
399,49,0,0.0
401,49,49,1.0
403,49,0,0.0
405,49,49,1.0
407,49,0,0.0
409,49,49,1.0
411,49,0,0.0
413,49,49,1.0
415,49,0,0.0
417,49,49,1.0
419,49,0,0.0
421,49,49,1.0
423,49,0,0.0
425,49,49,1.0
427,49,0,0.0
429,49,49,1.0
431,49,0,0.0
433,49,49,1.0
435,49,0,0.0
437,49,49,1.0
439,49,0,0.0
441,49,49,1.0
443,49,0,0.0
445,49,49,1.0
447,49,0,0.0
449,49,49,1.0
451,49,0,0.0
453,49,49,1.0
455,49,0,0.0
457,49,49,1.0
459,49,0,0.0
461,49,49,1.0
463,49,0,0.0
465,49,49,1.0
467,49,0,0.0
469,49,49,1.0
471,49,0,0.0
473,49,49,1.0
475,49,0,0.0
477,49,49,1.0
479,49,0,0.0
481,49,49,1.0
483,49,0,0.0
485,49,49,1.0
487,49,0,0.0
489,49,49,1.0
491,49,0,0.0
493,49,49,1.0
495,49,0,0.0
497,49,49,1.0
499,49,0,0.0
501,49,49,1.0
503,49,0,0.0
505,49,49,1.0
507,49,0,0.0
509,49,49,1.0
511,49,0,0.0
513,49,49,1.0
515,49,0,0.0
517,49,49,1.0
519,49,0,0.0
521,49,49,1.0
523,49,0,0.0
525,49,49,1.0
527,49,0,0.0
529,49,49,1.0
531,49,0,0.0
533,49,49,1.0
535,49,0,0.0
537,49,49,1.0
539,49,0,0.0
541,49,49,1.0
543,49,0,0.0
545,49,49,1.0
547,49,0,0.0
549,49,49,1.0
551,49,0,0.0
553,49,49,1.0
555,49,0,0.0
557,49,49,1.0
559,49,0,0.0
561,49,49,1.0
563,49,0,0.0
565,49,49,1.0
567,49,0,0.0
569,49,49,1.0
571,49,0,0.0
573,49,49,1.0
575,49,0,0.0
577,49,49,1.0
579,49,0,0.0
581,49,49,1.0
583,49,0,0.0
585,49,49,1.0
587,49,0,0.0
589,49,49,1.0
591,49,0,0.0
593,49,49,1.0
595,49,0,0.0
597,49,49,1.0
599,49,0,0.0
601,49,49,1.0
603,49,0,0.0
605,49,49,1.0
607,49,0,0.0
609,49,49,1.0
611,49,0,0.0
613,49,49,1.0
615,49,0,0.0
617,49,49,1.0
619,49,0,0.0
621,49,49,1.0
623,49,0,0.0
625,49,49,1.0
627,49,0,0.0
629,49,49,1.0
631,49,0,0.0
633,49,49,1.0
635,49,0,0.0
637,49,49,1.0
639,49,0,0.0
641,49,49,1.0
643,49,0,0.0
645,49,49,1.0
647,49,0,0.0
649,49,49,1.0
651,49,0,0.0
653,49,49,1.0
655,49,0,0.0
657,49,49,1.0
659,49,0,0.0
661,49,49,1.0
663,49,0,0.0
665,49,49,1.0
667,49,0,0.0
669,49,49,1.0
671,49,0,0.0
673,49,49,1.0
675,49,0,0.0
677,49,49,1.0
679,49,0,0.0
681,49,49,1.0
683,49,0,0.0
685,49,49,1.0
687,49,0,0.0
689,49,49,1.0
691,49,0,0.0
693,49,49,1.0
695,49,0,0.0
697,49,49,1.0
699,49,0,0.0
701,49,49,1.0
703,49,0,0.0
705,49,49,1.0
707,49,0,0.0
709,49,49,1.0
711,49,0,0.0
713,49,49,1.0
715,49,0,0.0
717,49,49,1.0
719,49,0,0.0
721,49,49,1.0
723,49,0,0.0
725,49,49,1.0
727,49,0,0.0
729,49,49,1.0
731,49,0,0.0
733,49,49,1.0
735,49,0,0.0
737,49,49,1.0
739,49,0,0.0
741,49,49,1.0
743,49,0,0.0
745,49,49,1.0
747,49,0,0.0
749,49,49,1.0
751,49,0,0.0
753,49,49,1.0
755,49,0,0.0
757,49,49,1.0
759,49,0,0.0
761,49,49,1.0
763,49,0,0.0
765,49,49,1.0
767,49,0,0.0
769,49,49,1.0
771,49,0,0.0
773,49,49,1.0
775,49,0,0.0
777,49,49,1.0
779,49,0,0.0
781,49,49,1.0
783,49,0,0.0
785,49,49,1.0
787,49,0,0.0
789,49,49,1.0
791,49,0,0.0
793,49,49,1.0
795,49,0,0.0
797,49,49,1.0
799,49,0,0.0
801,49,49,1.0
803,49,0,0.0
805,49,49,1.0
807,49,0,0.0
809,49,49,1.0
811,49,0,0.0
813,49,49,1.0
815,49,0,0.0
817,49,49,1.0
819,49,0,0.0
821,49,49,1.0
823,49,0,0.0
825,49,49,1.0
827,49,0,0.0
829,49,49,1.0
831,49,0,0.0
833,49,49,1.0
835,49,0,0.0
837,49,49,1.0
839,49,0,0.0
841,49,49,1.0
843,49,0,0.0
845,49,49,1.0
847,49,0,0.0
849,49,49,1.0
851,49,0,0.0
853,49,49,1.0
855,49,0,0.0
857,49,49,1.0
859,49,0,0.0
861,49,49,1.0
863,49,0,0.0
865,49,49,1.0
867,49,0,0.0
869,49,49,1.0
871,49,0,0.0
873,49,49,1.0
875,49,0,0.0
877,49,49,1.0
879,49,0,0.0
881,49,49,1.0
883,49,0,0.0
885,49,49,1.0
887,49,0,0.0
889,49,49,1.0
891,49,0,0.0
893,49,49,1.0
895,49,0,0.0
897,49,49,1.0
899,49,0,0.0
901,49,49,1.0
903,49,0,0.0
905,49,49,1.0
907,49,0,0.0
909,49,49,1.0
911,49,0,0.0
913,49,49,1.0
915,49,0,0.0
917,49,49,1.0
919,49,0,0.0
921,49,49,1.0
923,49,0,0.0
925,49,49,1.0
927,49,0,0.0
929,49,49,1.0
931,49,0,0.0
933,49,49,1.0
935,49,0,0.0
937,49,49,1.0
939,49,0,0.0
941,49,49,1.0
943,49,0,0.0
945,49,49,1.0
947,49,0,0.0
949,49,49,1.0
951,49,0,0.0
953,49,49,1.0
955,49,0,0.0
957,49,49,1.0
959,49,0,0.0
961,49,49,1.0
963,49,0,0.0
965,49,49,1.0
967,49,0,0.0
969,49,49,1.0
971,49,0,0.0
973,49,49,1.0
975,49,0,0.0
977,49,49,1.0
979,49,0,0.0
981,49,49,1.0
983,49,0,0.0
985,49,49,1.0
987,49,0,0.0
989,49,49,1.0
991,49,0,0.0
993,49,49,1.0
995,49,0,0.0
997,49,49,1.0
999,49,0,0.0
1001,49,49,1.0
1003,49,0,0.0
1005,49,49,1.0
1007,49,0,0.0
1009,49,49,1.0
1011,49,0,0.0
1013,49,49,1.0
1015,49,0,0.0
1017,49,49,1.0
1019,49,0,0.0
1021,49,49,1.0
1023,49,0,0.0
1025,49,49,1.0
1027,49,0,0.0
1029,49,49,1.0
1031,49,0,0.0
1033,49,49,1.0
1035,49,0,0.0
1037,49,49,1.0
1039,49,0,0.0
1041,49,49,1.0
1043,49,0,0.0
1045,49,49,1.0
1047,49,0,0.0
1049,49,49,1.0
1051,49,0,0.0
1053,49,49,1.0
1055,49,0,0.0
1057,49,49,1.0
1059,49,0,0.0
1061,49,49,1.0
1063,49,0,0.0
1065,49,49,1.0
1067,49,0,0.0
1069,49,49,1.0
1071,49,0,0.0
1073,49,49,1.0
1075,49,0,0.0
1077,49,49,1.0
1079,49,0,0.0
1081,49,49,1.0
1083,49,0,0.0
1085,49,49,1.0
1087,49,0,0.0
1089,49,49,1.0
1091,49,0,0.0
1093,49,49,1.0
1095,49,0,0.0
1097,49,49,1.0
1099,49,0,0.0
1101,49,49,1.0
1103,49,0,0.0
1105,49,49,1.0
1107,49,0,0.0
1109,49,49,1.0
1111,49,0,0.0
1113,49,49,1.0
1115,49,0,0.0
1117,49,49,1.0
1119,49,0,0.0
1121,49,49,1.0
1123,49,0,0.0
1125,49,49,1.0
1127,49,0,0.0
1129,49,49,1.0
1131,49,0,0.0
1133,49,49,1.0
1135,49,0,0.0
1137,49,49,1.0
1139,49,0,0.0
1141,49,49,1.0
1143,49,0,0.0
1145,49,49,1.0
1147,49,0,0.0
1149,49,49,1.0
1151,49,0,0.0
1153,49,49,1.0
1155,49,0,0.0
1157,49,49,1.0
1159,49,0,0.0
1161,49,49,1.0
1163,49,0,0.0
1165,49,49,1.0
1167,49,0,0.0
1169,49,49,1.0
1171,49,0,0.0
1173,49,49,1.0
1175,49,0,0.0
1177,49,49,1.0
1179,49,0,0.0
1181,49,49,1.0
1183,49,0,0.0
1185,49,49,1.0
1187,49,0,0.0
1189,49,49,1.0
1191,49,0,0.0
1193,49,49,1.0
1195,49,0,0.0
1197,49,49,1.0
1199,49,0,0.0
1201,49,49,1.0
1203,49,0,0.0
1205,49,49,1.0
1207,49,0,0.0
1209,49,49,1.0
1211,49,0,0.0
1213,49,49,1.0
1215,49,0,0.0
1217,49,49,1.0
1219,49,0,0.0
1221,49,49,1.0
1223,49,0,0.0
1225,49,49,1.0
1227,49,0,0.0
1229,49,49,1.0
1231,49,0,0.0
1233,49,49,1.0
1235,49,0,0.0
1237,49,49,1.0
1239,49,0,0.0
1241,49,49,1.0
1243,49,0,0.0
1245,49,49,1.0
1247,49,0,0.0
1249,49,49,1.0
1251,49,0,0.0
1253,49,49,1.0
1255,49,0,0.0
1257,49,49,1.0
1259,49,0,0.0
1261,49,49,1.0
1263,49,0,0.0
1265,49,49,1.0
1267,49,0,0.0
1269,49,49,1.0
1271,49,0,0.0
1273,49,49,1.0
1275,49,0,0.0
1277,49,49,1.0
1279,49,0,0.0
1281,49,49,1.0
1283,49,0,0.0
1285,49,49,1.0
1287,49,0,0.0
1289,49,49,1.0
1291,49,0,0.0
1293,49,49,1.0
1295,49,0,0.0
1297,49,49,1.0
1299,49,0,0.0
1301,49,49,1.0
1303,49,0,0.0
1305,49,49,1.0
1307,49,0,0.0
1309,49,49,1.0
1311,49,0,0.0
1313,49,49,1.0
1315,49,0,0.0
1317,49,49,1.0
1319,49,0,0.0
1321,49,49,1.0
1323,49,0,0.0
1325,49,49,1.0
1327,49,0,0.0
1329,49,49,1.0
1331,49,0,0.0
1333,49,49,1.0
1335,49,0,0.0
1337,49,49,1.0
1339,49,0,0.0
1341,49,49,1.0
1343,49,0,0.0
1345,49,49,1.0
1347,49,0,0.0
1349,49,49,1.0
1351,49,0,0.0
1353,49,49,1.0
1355,49,0,0.0
1357,49,49,1.0
1359,49,0,0.0
1361,49,49,1.0
1363,49,0,0.0
1365,49,49,1.0
1367,49,0,0.0
1369,49,49,1.0
1371,49,0,0.0
1373,49,49,1.0
1375,49,0,0.0
1377,49,49,1.0
1379,49,0,0.0
1381,49,49,1.0
1383,49,0,0.0
1385,49,49,1.0
1387,49,0,0.0
1389,49,49,1.0
1391,49,0,0.0
1393,49,49,1.0
1395,49,0,0.0
1397,49,49,1.0
1399,49,0,0.0
1401,49,49,1.0
1403,49,0,0.0
1405,49,49,1.0
1407,49,0,0.0
1409,49,49,1.0
1411,49,0,0.0
1413,49,49,1.0
1415,49,0,0.0
1417,49,49,1.0
1419,49,0,0.0
1421,49,49,1.0
1423,49,0,0.0
1425,49,49,1.0
1427,49,0,0.0
1429,49,49,1.0
1431,49,0,0.0
1433,49,49,1.0
1435,49,0,0.0
1437,49,49,1.0
1439,49,0,0.0
1441,49,49,1.0
1443,49,0,0.0
1445,49,49,1.0
1447,49,0,0.0
1449,49,49,1.0
1451,49,0,0.0
1453,49,49,1.0
1455,49,0,0.0
1457,49,49,1.0
1459,49,0,0.0
1461,49,49,1.0
1463,49,0,0.0
1465,49,49,1.0
1467,49,0,0.0
1469,49,49,1.0
1471,49,0,0.0
1473,49,49,1.0
1475,49,0,0.0
1477,49,49,1.0
1479,49,0,0.0
1481,49,49,1.0
1483,49,0,0.0
1485,49,49,1.0
1487,49,0,0.0
1489,49,49,1.0
1491,49,0,0.0
1493,49,49,1.0
1495,49,0,0.0
1497,49,49,1.0
1499,49,0,0.0
1501,49,49,1.0
1503,49,0,0.0
1505,49,49,1.0
1507,49,0,0.0
1509,49,49,1.0
1511,49,0,0.0
1513,49,49,1.0
1515,49,0,0.0
1517,49,49,1.0
1519,49,0,0.0
1521,49,49,1.0
1523,49,0,0.0
1525,49,49,1.0
1527,49,0,0.0
1529,49,49,1.0
1531,49,0,0.0
1533,49,49,1.0
1535,49,0,0.0
1537,49,49,1.0
1539,49,0,0.0
1541,49,49,1.0
1543,49,0,0.0
1545,49,49,1.0
1547,49,0,0.0
1549,49,49,1.0
1551,49,0,0.0
1553,49,49,1.0
1555,49,0,0.0
1557,49,49,1.0
1559,49,0,0.0
1561,49,49,1.0
1563,49,0,0.0
1565,49,49,1.0
1567,49,0,0.0
1569,49,49,1.0
1571,49,0,0.0
1573,49,49,1.0
1575,49,0,0.0
1577,49,49,1.0
1579,49,0,0.0
1581,49,49,1.0
1583,49,0,0.0
1585,49,49,1.0
1587,49,0,0.0
1589,49,49,1.0
1591,49,0,0.0
1593,49,49,1.0
1595,49,0,0.0
1597,49,49,1.0
1599,49,0,0.0
1601,49,49,1.0
1603,49,0,0.0
1605,49,49,1.0
1607,49,0,0.0
1609,49,49,1.0
1611,49,0,0.0
1613,49,49,1.0
1615,49,0,0.0
1617,49,49,1.0
1619,49,0,0.0
1621,49,49,1.0
1623,49,0,0.0
1625,49,49,1.0
1627,49,0,0.0
1629,49,49,1.0
1631,49,0,0.0
1633,49,49,1.0
1635,49,0,0.0
1637,49,49,1.0
1639,49,0,0.0
1641,49,49,1.0
1643,49,0,0.0
1645,49,49,1.0
1647,49,0,0.0
1649,49,49,1.0
1651,49,0,0.0
1653,49,49,1.0
1655,49,0,0.0
1657,49,49,1.0
1659,49,0,0.0
1661,49,49,1.0
1663,49,0,0.0
1665,49,49,1.0
1667,49,0,0.0
1669,49,49,1.0
1671,49,0,0.0
1673,49,49,1.0
1675,49,0,0.0
1677,49,49,1.0
1679,49,0,0.0
1681,49,49,1.0
1683,49,0,0.0
1685,49,49,1.0
1687,49,0,0.0
1689,49,49,1.0
1691,49,0,0.0
1693,49,49,1.0
1695,49,0,0.0
1697,49,49,1.0
1699,49,0,0.0
1701,49,49,1.0
1703,49,0,0.0
1705,49,49,1.0
1707,49,0,0.0
1709,49,49,1.0
1711,49,0,0.0
1713,49,49,1.0
1715,49,0,0.0
1717,49,49,1.0
1719,49,0,0.0
1721,49,49,1.0
1723,49,0,0.0
1725,49,49,1.0
1727,49,0,0.0
1729,49,49,1.0
1731,49,0,0.0
1733,49,49,1.0
1735,49,0,0.0
1737,49,49,1.0
1739,49,0,0.0
1741,49,49,1.0
1743,49,0,0.0
1745,49,49,1.0
1747,49,0,0.0
1749,49,49,1.0
1751,49,0,0.0
1753,49,49,1.0
1755,49,0,0.0
1757,49,49,1.0
1759,49,0,0.0
1761,49,49,1.0
1763,49,0,0.0
1765,49,49,1.0
1767,49,0,0.0
1769,49,49,1.0
1771,49,0,0.0
1773,49,49,1.0
1775,49,0,0.0
1777,49,49,1.0
1779,49,0,0.0
1781,49,49,1.0
1783,49,0,0.0
1785,49,49,1.0
1787,49,0,0.0
1789,49,49,1.0
1791,49,0,0.0
1793,49,49,1.0
1795,49,0,0.0
1797,49,49,1.0
1799,49,0,0.0
1801,49,49,1.0
1803,49,0,0.0
1805,49,49,1.0
1807,49,0,0.0
1809,49,49,1.0
1811,49,0,0.0
1813,49,49,1.0
1815,49,0,0.0
1817,49,49,1.0
1819,49,0,0.0
1821,49,49,1.0
1823,49,0,0.0
1825,49,49,1.0
1827,49,0,0.0
1829,49,49,1.0
1831,49,0,0.0
1833,49,49,1.0
1835,49,0,0.0
1837,49,49,1.0
1839,49,0,0.0
1841,49,49,1.0
1843,49,0,0.0
1845,49,49,1.0
1847,49,0,0.0
1849,49,49,1.0
1851,49,0,0.0
1853,49,49,1.0
1855,49,0,0.0
1857,49,49,1.0
1859,49,0,0.0
1861,49,49,1.0
1863,49,0,0.0
1865,49,49,1.0
1867,49,0,0.0
1869,49,49,1.0
1871,49,0,0.0
1873,49,49,1.0
1875,49,0,0.0
1877,49,49,1.0
1879,49,0,0.0
1881,49,49,1.0
1883,49,0,0.0
1885,49,49,1.0
1887,49,0,0.0
1889,49,49,1.0
1891,49,0,0.0
1893,49,49,1.0
1895,49,0,0.0
1897,49,49,1.0
1899,49,0,0.0
1901,49,49,1.0
1903,49,0,0.0
1905,49,49,1.0
1907,49,0,0.0
1909,49,49,1.0
1911,49,0,0.0
1913,49,49,1.0
1915,49,0,0.0
1917,49,49,1.0
1919,49,0,0.0
1921,49,49,1.0
1923,49,0,0.0
1925,49,49,1.0
1927,49,0,0.0
1929,49,49,1.0
1931,49,0,0.0
1933,49,49,1.0
1935,49,0,0.0
1937,49,49,1.0
1939,49,0,0.0
1941,49,49,1.0
1943,49,0,0.0
1945,49,49,1.0
1947,49,0,0.0
1949,49,49,1.0
1951,49,0,0.0
1953,49,49,1.0
1955,49,0,0.0
1957,49,49,1.0
1959,49,0,0.0
1961,49,49,1.0
1963,49,0,0.0
1965,49,49,1.0
1967,49,0,0.0
1969,49,49,1.0
1971,49,0,0.0
1973,49,49,1.0
1975,49,0,0.0
1977,49,49,1.0
1979,49,0,0.0
1981,49,49,1.0
1983,49,0,0.0
1985,49,49,1.0
1987,49,0,0.0
1989,49,49,1.0
1991,49,0,0.0
1993,49,49,1.0
1995,49,0,0.0
1997,49,49,1.0
1999,49,0,0.0
2001,49,49,1.0
2003,49,0,0.0
2005,49,49,1.0
2007,49,0,0.0
2009,49,49,1.0
2011,49,0,0.0
2013,49,49,1.0
2015,49,0,0.0
2017,49,49,1.0
2019,49,0,0.0
2021,49,49,1.0
2023,49,0,0.0
2025,49,49,1.0
2027,49,0,0.0
2029,49,49,1.0
2031,49,0,0.0
2033,49,49,1.0
2035,49,0,0.0
2037,49,49,1.0
2039,49,0,0.0
2041,49,49,1.0
2043,49,0,0.0
2045,49,49,1.0
2047,49,0,0.0
2049,49,49,1.0
2051,49,0,0.0
2053,49,49,1.0
2055,49,0,0.0
2057,49,49,1.0
2059,49,0,0.0
2061,49,49,1.0
2063,49,0,0.0
2065,49,49,1.0
2067,49,0,0.0
2069,49,49,1.0
2071,49,0,0.0
2073,49,49,1.0
2075,49,0,0.0
2077,49,49,1.0
2079,49,0,0.0
2081,49,49,1.0
2083,49,0,0.0
2085,49,49,1.0
2087,49,0,0.0
2089,49,49,1.0
2091,49,0,0.0
2093,49,49,1.0
2095,49,0,0.0
2097,49,49,1.0
2099,49,0,0.0
2101,49,49,1.0
2103,49,0,0.0
2105,49,49,1.0
2107,49,0,0.0
2109,49,49,1.0
2111,49,0,0.0
2113,49,49,1.0
2115,49,0,0.0
2117,49,49,1.0
2119,49,0,0.0
2121,49,49,1.0
2123,49,0,0.0
2125,49,49,1.0
2127,49,0,0.0
2129,49,49,1.0
2131,49,0,0.0
2133,49,49,1.0
2135,49,0,0.0
2137,49,49,1.0
2139,49,0,0.0
2141,49,49,1.0
2143,49,0,0.0
2145,49,49,1.0
2147,49,0,0.0
2149,49,49,1.0
2151,49,0,0.0
2153,49,49,1.0
2155,49,0,0.0
2157,49,49,1.0
2159,49,0,0.0
2161,49,49,1.0
2163,49,0,0.0
2165,49,49,1.0
2167,49,0,0.0
2169,49,49,1.0
2171,49,0,0.0
2173,49,49,1.0
2175,49,0,0.0
2177,49,49,1.0
2179,49,0,0.0
2181,49,49,1.0
2183,49,0,0.0
2185,49,49,1.0
2187,49,0,0.0
2189,49,49,1.0
2191,49,0,0.0
2193,49,49,1.0
2195,49,0,0.0
2197,49,49,1.0
2199,49,0,0.0
2201,49,49,1.0
2203,49,0,0.0
2205,49,49,1.0
2207,49,0,0.0
2209,49,49,1.0
2211,49,0,0.0
2213,49,49,1.0
2215,49,0,0.0
2217,49,49,1.0
2219,49,0,0.0
2221,49,49,1.0
2223,49,0,0.0
2225,49,49,1.0
2227,49,0,0.0
2229,49,49,1.0
2231,49,0,0.0
2233,49,49,1.0
2235,49,0,0.0
2237,49,49,1.0
2239,49,0,0.0
2241,49,49,1.0
2243,49,0,0.0
2245,49,49,1.0
2247,49,0,0.0
2249,49,49,1.0
2251,49,0,0.0
2253,49,49,1.0
2255,49,0,0.0
2257,49,49,1.0
2259,49,0,0.0
2261,49,49,1.0
2263,49,0,0.0
2265,49,49,1.0
2267,49,0,0.0
2269,49,49,1.0
2271,49,0,0.0
2273,49,49,1.0
2275,49,0,0.0
2277,49,49,1.0
2279,49,0,0.0
2281,49,49,1.0
2283,49,0,0.0
2285,49,49,1.0
2287,49,0,0.0
2289,49,49,1.0
2291,49,0,0.0
2293,49,49,1.0
2295,49,0,0.0
2297,49,49,1.0
2299,49,0,0.0
2301,49,49,1.0
2303,49,0,0.0
2305,49,49,1.0
2307,49,0,0.0
2309,49,49,1.0
2311,49,0,0.0
2313,49,49,1.0
2315,49,0,0.0
2317,49,49,1.0
2319,49,0,0.0
2321,49,49,1.0
2323,49,0,0.0
2325,49,49,1.0
2327,49,0,0.0
2329,49,49,1.0
2331,49,0,0.0
2333,49,49,1.0
2335,49,0,0.0
2337,49,49,1.0
2339,49,0,0.0
2341,49,49,1.0
2343,49,0,0.0
2345,49,49,1.0
2347,49,0,0.0
2349,49,49,1.0
2351,49,0,0.0
2353,49,49,1.0
2355,49,0,0.0
2357,49,49,1.0
2359,49,0,0.0
2361,49,49,1.0
2363,49,0,0.0
2365,49,49,1.0
2367,49,0,0.0
2369,49,49,1.0
2371,49,0,0.0
2373,49,49,1.0
2375,49,0,0.0
2377,49,49,1.0
2379,49,0,0.0
2381,49,49,1.0
2383,49,0,0.0
2385,49,49,1.0
2387,49,0,0.0
2389,49,49,1.0
2391,49,0,0.0
2393,49,49,1.0
2395,49,0,0.0
2397,49,49,1.0
2399,49,0,0.0
2401,49,49,1.0
2403,49,0,0.0
2405,49,49,1.0
2407,49,0,0.0
2409,49,49,1.0
2411,49,0,0.0
2413,49,49,1.0
2415,49,0,0.0
2417,49,49,1.0
2419,49,0,0.0
2421,49,49,1.0
2423,49,0,0.0
2425,49,49,1.0
2427,49,0,0.0
2429,49,49,1.0
2431,49,0,0.0
2433,49,49,1.0
2435,49,0,0.0
2437,49,49,1.0
2439,49,0,0.0
2441,49,49,1.0
2443,49,0,0.0
2445,49,49,1.0
2447,49,0,0.0
2449,49,49,1.0
2451,49,0,0.0
2453,49,49,1.0
2455,49,0,0.0
2457,49,49,1.0
2459,49,0,0.0
2461,49,49,1.0
2463,49,0,0.0
2465,49,49,1.0
2467,49,0,0.0
2469,49,49,1.0
2471,49,0,0.0
2473,49,49,1.0
2475,49,0,0.0
2477,49,49,1.0
2479,49,0,0.0
2481,49,49,1.0
2483,49,0,0.0
2485,49,49,1.0
2487,49,0,0.0
2489,49,49,1.0
2491,49,0,0.0
2493,49,49,1.0
2495,49,0,0.0
2497,49,49,1.0
2499,49,0,0.0
2501,49,49,1.0
2503,49,0,0.0
2505,49,49,1.0
2507,49,0,0.0
2509,49,49,1.0
2511,49,0,0.0
2513,49,49,1.0
2515,49,0,0.0
2517,49,49,1.0
2519,49,0,0.0
2521,49,49,1.0
2523,49,0,0.0
2525,49,49,1.0
2527,49,0,0.0
2529,49,49,1.0
2531,49,0,0.0
2533,49,49,1.0
2535,49,0,0.0
2537,49,49,1.0
2539,49,0,0.0
2541,49,49,1.0
2543,49,0,0.0
2545,49,49,1.0
2547,49,0,0.0
2549,49,49,1.0
2551,49,0,0.0
2553,49,49,1.0
2555,49,0,0.0
2557,49,49,1.0
2559,49,0,0.0
2561,49,49,1.0
2563,49,0,0.0
2565,49,49,1.0
2567,49,0,0.0
2569,49,49,1.0
2571,49,0,0.0
2573,49,49,1.0
2575,49,0,0.0
2577,49,49,1.0
2579,49,0,0.0
2581,49,49,1.0
2583,49,0,0.0
2585,49,49,1.0
2587,49,0,0.0
2589,49,49,1.0
2591,49,0,0.0
2593,49,49,1.0
2595,49,0,0.0
2597,49,49,1.0
2599,49,0,0.0
2601,49,49,1.0
2603,49,0,0.0
2605,49,49,1.0
2607,49,0,0.0
2609,49,49,1.0
2611,49,0,0.0
2613,49,49,1.0
2615,49,0,0.0
2617,49,49,1.0
2619,49,0,0.0
2621,49,49,1.0
2623,49,0,0.0
2625,49,49,1.0
2627,49,0,0.0
2629,49,49,1.0
2631,49,0,0.0
2633,49,49,1.0
2635,49,0,0.0
2637,49,49,1.0
2639,49,0,0.0
2641,49,49,1.0
2643,49,0,0.0
2645,49,49,1.0
2647,49,0,0.0
2649,49,49,1.0
2651,49,0,0.0
2653,49,49,1.0
2655,49,0,0.0
2657,49,49,1.0
2659,49,0,0.0
2661,49,49,1.0
2663,49,0,0.0
2665,49,49,1.0
2667,49,0,0.0
2669,49,49,1.0
2671,49,0,0.0
2673,49,49,1.0
2675,49,0,0.0
2677,49,49,1.0
2679,49,0,0.0
2681,49,49,1.0
2683,49,0,0.0
2685,49,49,1.0
2687,49,0,0.0
2689,49,49,1.0
2691,49,0,0.0
2693,49,49,1.0
2695,49,0,0.0
2697,49,49,1.0
2699,49,0,0.0
2701,49,49,1.0
2703,49,0,0.0
2705,49,49,1.0
2707,49,0,0.0
2709,49,49,1.0
2711,49,0,0.0
2713,49,49,1.0
2715,49,0,0.0
2717,49,49,1.0
2719,49,0,0.0
2721,49,49,1.0
2723,49,0,0.0
2725,49,49,1.0
2727,49,0,0.0
2729,49,49,1.0
2731,49,0,0.0
2733,49,49,1.0
2735,49,0,0.0
2737,49,49,1.0
2739,49,0,0.0
2741,49,49,1.0
2743,49,0,0.0
2745,49,49,1.0
2747,49,0,0.0
2749,49,49,1.0
2751,49,0,0.0
2753,49,49,1.0
2755,49,0,0.0
2757,49,49,1.0
2759,49,0,0.0
2761,49,49,1.0
2763,49,0,0.0
2765,49,49,1.0
2767,49,0,0.0
2769,49,49,1.0
2771,49,0,0.0
2773,49,49,1.0
2775,49,0,0.0
2777,49,49,1.0
2779,49,0,0.0
2781,49,49,1.0
2783,49,0,0.0
2785,49,49,1.0
2787,49,0,0.0
2789,49,49,1.0
2791,49,0,0.0
2793,49,49,1.0
2795,49,0,0.0
2797,49,49,1.0
2799,49,0,0.0
2801,49,49,1.0
2803,49,0,0.0
2805,49,49,1.0
2807,49,0,0.0
2809,49,49,1.0
2811,49,0,0.0
2813,49,49,1.0
2815,49,0,0.0
2817,49,49,1.0
2819,49,0,0.0
2821,49,49,1.0
2823,49,0,0.0
2825,49,49,1.0
2827,49,0,0.0
2829,49,49,1.0
2831,49,0,0.0
2833,49,49,1.0
2835,49,0,0.0
2837,49,49,1.0
2839,49,0,0.0
2841,49,49,1.0
2843,49,0,0.0
2845,49,49,1.0
2847,49,0,0.0
2849,49,49,1.0
2851,49,0,0.0
2853,49,49,1.0
2855,49,0,0.0
2857,49,49,1.0
2859,49,0,0.0
2861,49,49,1.0
2863,49,0,0.0
2865,49,49,1.0
2867,49,0,0.0
2869,49,49,1.0
2871,49,0,0.0
2873,49,49,1.0
2875,49,0,0.0
2877,49,49,1.0
2879,49,0,0.0
2881,49,49,1.0
2883,49,0,0.0
2885,49,49,1.0
2887,49,0,0.0
2889,49,49,1.0
2891,49,0,0.0
2893,49,49,1.0
2895,49,0,0.0
2897,49,49,1.0
2899,49,0,0.0
2901,49,49,1.0
2903,49,0,0.0
2905,49,49,1.0
2907,49,0,0.0
2909,49,49,1.0
2911,49,0,0.0
2913,49,49,1.0
2915,49,0,0.0
2917,49,49,1.0
2919,49,0,0.0
2921,49,49,1.0
2923,49,0,0.0
2925,49,49,1.0
2927,49,0,0.0
2929,49,49,1.0
2931,49,0,0.0
2933,49,49,1.0
2935,49,0,0.0
2937,49,49,1.0
2939,49,0,0.0
2941,49,49,1.0
2943,49,0,0.0
2945,49,49,1.0
2947,49,0,0.0
2949,49,49,1.0
2951,49,0,0.0
2953,49,49,1.0
2955,49,0,0.0
2957,49,49,1.0
2959,49,0,0.0
2961,49,49,1.0
2963,49,0,0.0
2965,49,49,1.0
2967,49,0,0.0
2969,49,49,1.0
2971,49,0,0.0
2973,49,49,1.0
2975,49,0,0.0
2977,49,49,1.0
2979,49,0,0.0
2981,49,49,1.0
2983,49,0,0.0
2985,49,49,1.0
2987,49,0,0.0
2989,49,49,1.0
2991,49,0,0.0
2993,49,49,1.0
2995,49,0,0.0
2997,49,49,1.0
2999,49,0,0.0
3001,49,49,1.0
3003,49,0,0.0
3005,49,49,1.0
3007,49,0,0.0
3009,49,49,1.0
3011,49,0,0.0
3013,49,49,1.0
3015,49,0,0.0
3017,49,49,1.0
3019,49,0,0.0
3021,49,49,1.0
3023,49,0,0.0
3025,49,49,1.0
3027,49,0,0.0
3029,49,49,1.0
3031,49,0,0.0
3033,49,49,1.0
3035,49,0,0.0
3037,49,49,1.0
3039,49,0,0.0
3041,49,49,1.0
3043,49,0,0.0
3045,49,49,1.0
3047,49,0,0.0
3049,49,49,1.0
3051,49,0,0.0
3053,49,49,1.0
3055,49,0,0.0
3057,49,49,1.0
3059,49,0,0.0
3061,49,49,1.0
3063,49,0,0.0
3065,49,49,1.0
3067,49,0,0.0
3069,49,49,1.0
3071,49,0,0.0
3073,49,49,1.0
3075,49,0,0.0
3077,49,49,1.0
3079,49,0,0.0
3081,49,49,1.0
3083,49,0,0.0
3085,49,49,1.0
3087,49,0,0.0
3089,49,49,1.0
3091,49,0,0.0
3093,49,49,1.0
3095,49,0,0.0
3097,49,49,1.0
3099,49,0,0.0
3101,49,49,1.0
3103,49,0,0.0
3105,49,49,1.0
3107,49,0,0.0
3109,49,49,1.0
3111,49,0,0.0
3113,49,49,1.0
3115,49,0,0.0
3117,49,49,1.0
3119,49,0,0.0
3121,49,49,1.0
3123,49,0,0.0
3125,49,49,1.0
3127,49,0,0.0
3129,49,49,1.0
3131,49,0,0.0
3133,49,49,1.0
3135,49,0,0.0
3137,49,49,1.0
3139,49,0,0.0
3141,49,49,1.0
3143,49,0,0.0
3145,49,49,1.0
3147,49,0,0.0
3149,49,49,1.0
3151,49,0,0.0
3153,49,49,1.0
3155,49,0,0.0
3157,49,49,1.0
3159,49,0,0.0
3161,49,49,1.0
3163,49,0,0.0
3165,49,49,1.0
3167,49,0,0.0
3169,49,49,1.0
3171,49,0,0.0
3173,49,49,1.0
3175,49,0,0.0
3177,49,49,1.0
3179,49,0,0.0
3181,49,49,1.0
3183,49,0,0.0
3185,49,49,1.0
3187,49,0,0.0
3189,49,49,1.0
3191,49,0,0.0
3193,49,49,1.0
3195,49,0,0.0
3197,49,49,1.0
3199,49,0,0.0
3201,49,49,1.0
3203,49,0,0.0
3205,49,49,1.0
3207,49,0,0.0
3209,49,49,1.0
3211,49,0,0.0
3213,49,49,1.0
3215,49,0,0.0
3217,49,49,1.0
3219,49,0,0.0
3221,49,49,1.0
3223,49,0,0.0
3225,49,49,1.0
3227,49,0,0.0
3229,49,49,1.0
3231,49,0,0.0
3233,49,49,1.0
3235,49,0,0.0
3237,49,49,1.0
3239,49,0,0.0
3241,49,49,1.0
3243,49,0,0.0
3245,49,49,1.0
3247,49,0,0.0
3249,49,49,1.0
3251,49,0,0.0
3253,49,49,1.0
3255,49,0,0.0
3257,49,49,1.0
3259,49,0,0.0
3261,49,49,1.0
3263,49,0,0.0
3265,49,49,1.0
3267,49,0,0.0
3269,49,49,1.0
3271,49,0,0.0
3273,49,49,1.0
3275,49,0,0.0
3277,49,49,1.0
3279,49,0,0.0
3281,49,49,1.0
3283,49,0,0.0
3285,49,49,1.0
3287,49,0,0.0
3289,49,49,1.0
3291,49,0,0.0
3293,49,49,1.0
3295,49,0,0.0
3297,49,49,1.0
3299,49,0,0.0
3301,49,49,1.0
3303,49,0,0.0
3305,49,49,1.0
3307,49,0,0.0
3309,49,49,1.0
3311,49,0,0.0
3313,49,49,1.0
3315,49,0,0.0
3317,49,49,1.0
3319,49,0,0.0
3321,49,49,1.0
3323,49,0,0.0
3325,49,49,1.0
3327,49,0,0.0
3329,49,49,1.0
3331,49,0,0.0
3333,49,49,1.0
3335,49,0,0.0
3337,49,49,1.0
3339,49,0,0.0
3341,49,49,1.0
3343,49,0,0.0
3345,49,49,1.0
3347,49,0,0.0
3349,49,49,1.0
3351,49,0,0.0
3353,49,49,1.0
3355,49,0,0.0
3357,49,49,1.0
3359,49,0,0.0
3361,49,49,1.0
3363,49,0,0.0
3365,49,49,1.0
3367,49,0,0.0
3369,49,49,1.0
3371,49,0,0.0
3373,49,49,1.0
3375,49,0,0.0
3377,49,49,1.0
3379,49,0,0.0
3381,49,49,1.0
3383,49,0,0.0
3385,49,49,1.0
3387,49,0,0.0
3389,49,49,1.0
3391,49,0,0.0
3393,48,48,1.0
3395,48,0,0.0
3397,48,48,1.0
3399,48,0,0.0
3401,48,48,1.0
3403,48,0,0.0
3405,48,48,1.0
3407,48,0,0.0
3409,48,48,1.0
3411,48,0,0.0
3413,48,48,1.0
3415,48,0,0.0
3417,48,48,1.0
3419,48,0,0.0
3421,48,48,1.0
3423,48,0,0.0
3425,48,48,1.0
3427,48,0,0.0
3429,48,48,1.0
3431,48,0,0.0
3433,48,48,1.0
3435,48,0,0.0
3437,48,48,1.0
3439,48,0,0.0
3441,48,48,1.0
3443,48,0,0.0
3445,48,48,1.0
3447,48,0,0.0
3449,48,48,1.0
3451,48,0,0.0
3453,48,48,1.0
3455,48,0,0.0
3457,48,48,1.0
3459,48,0,0.0
3461,48,48,1.0
3463,48,0,0.0
3465,48,48,1.0
3467,48,0,0.0
3469,48,48,1.0
3471,48,0,0.0
3473,48,48,1.0
3475,48,0,0.0
3477,48,48,1.0
3479,48,0,0.0
3481,48,48,1.0
3483,48,0,0.0
3485,48,48,1.0
3487,48,0,0.0
3489,48,48,1.0
3491,48,0,0.0
3493,48,48,1.0
3495,48,0,0.0
3497,48,48,1.0
3499,48,0,0.0
3501,48,48,1.0
3503,48,0,0.0
3505,48,48,1.0
3507,48,0,0.0
3509,48,48,1.0
3511,48,0,0.0
3513,48,48,1.0
3515,48,0,0.0
3517,48,48,1.0
3519,48,0,0.0
3521,48,48,1.0
3523,48,0,0.0
3525,48,48,1.0
3527,48,0,0.0
3529,48,48,1.0
3531,48,0,0.0
3533,48,48,1.0
3535,48,0,0.0
3537,48,48,1.0
3539,48,0,0.0
3541,48,48,1.0
3543,48,0,0.0
3545,48,48,1.0
3547,48,0,0.0
3549,48,48,1.0
3551,48,0,0.0
3553,48,48,1.0
3555,48,0,0.0
3557,48,48,1.0
3559,48,0,0.0
3561,48,48,1.0
3563,48,0,0.0
3565,48,48,1.0
3567,48,0,0.0
3569,48,48,1.0
3571,48,0,0.0
3573,48,48,1.0
3575,48,0,0.0
3577,48,48,1.0
3579,48,0,0.0
3581,48,48,1.0
3583,48,0,0.0
3585,48,48,1.0
3587,48,0,0.0
3589,48,48,1.0
3591,48,0,0.0
3593,48,48,1.0
3595,48,0,0.0
3597,48,48,1.0
3599,48,0,0.0
3601,48,48,1.0
3603,48,0,0.0
3605,48,48,1.0
3607,48,0,0.0
3609,48,48,1.0
3611,48,0,0.0
3613,48,48,1.0
3615,48,0,0.0
3617,48,48,1.0
3619,48,0,0.0
3621,48,48,1.0
3623,48,0,0.0
3625,48,48,1.0
3627,48,0,0.0
3629,48,48,1.0
3631,48,0,0.0
3633,48,48,1.0
3635,48,0,0.0
3637,48,48,1.0
3639,48,0,0.0
3641,48,48,1.0
3643,48,0,0.0
3645,48,48,1.0
3647,48,0,0.0
3649,48,48,1.0
3651,48,0,0.0
3653,48,48,1.0
3655,48,0,0.0
3657,48,48,1.0
3659,48,0,0.0
3661,48,48,1.0
3663,48,0,0.0
3665,48,48,1.0
3667,48,0,0.0
3669,48,48,1.0
3671,48,0,0.0
3673,48,48,1.0
3675,48,0,0.0
3677,48,48,1.0
3679,48,0,0.0
3681,48,48,1.0
3683,48,0,0.0
3685,48,48,1.0
3687,48,0,0.0
3689,48,48,1.0
3691,48,0,0.0
3693,48,48,1.0
3695,48,0,0.0
3697,48,48,1.0
3699,48,0,0.0
3701,48,48,1.0
3703,48,0,0.0
3705,48,48,1.0
3707,48,0,0.0
3709,48,48,1.0
3711,48,0,0.0
3713,48,48,1.0
3715,48,0,0.0
3717,48,48,1.0
3719,48,0,0.0
3721,48,48,1.0
3723,48,0,0.0
3725,48,48,1.0
3727,48,0,0.0
3729,48,48,1.0
3731,48,0,0.0
3733,48,48,1.0
3735,48,0,0.0
3737,48,48,1.0
3739,48,0,0.0
3741,48,48,1.0
3743,48,0,0.0
3745,48,48,1.0
3747,48,0,0.0
3749,48,48,1.0
3751,48,0,0.0
3753,48,48,1.0
3755,48,0,0.0
3757,48,48,1.0
3759,48,0,0.0
3761,48,48,1.0
3763,48,0,0.0
3765,48,48,1.0
3767,48,0,0.0
3769,48,48,1.0
3771,48,0,0.0
3773,48,48,1.0
3775,48,0,0.0
3777,48,48,1.0
3779,48,0,0.0
3781,48,48,1.0
3783,48,0,0.0
3785,48,48,1.0
3787,48,0,0.0
3789,48,48,1.0
3791,48,0,0.0
3793,48,48,1.0
3795,48,0,0.0
3797,48,48,1.0
3799,48,0,0.0
3801,48,48,1.0
3803,48,0,0.0
3805,48,48,1.0
3807,48,0,0.0
3809,48,48,1.0
3811,48,0,0.0
3813,48,48,1.0
3815,48,0,0.0
3817,48,48,1.0
3819,48,0,0.0
3821,48,48,1.0
3823,48,0,0.0
3825,48,48,1.0
3827,48,0,0.0
3829,48,48,1.0
3831,48,0,0.0
3833,48,48,1.0
3835,48,0,0.0
3837,48,48,1.0
3839,48,0,0.0
3841,48,48,1.0
3843,48,0,0.0
3845,48,48,1.0
3847,48,0,0.0
3849,48,48,1.0
3851,48,0,0.0
3853,48,48,1.0
3855,48,0,0.0
3857,48,48,1.0
3859,48,0,0.0
3861,48,48,1.0
3863,48,0,0.0
3865,48,48,1.0
3867,48,0,0.0
3869,48,48,1.0
3871,48,0,0.0
3873,48,48,1.0
3875,48,0,0.0
3877,48,48,1.0
3879,48,0,0.0
3881,48,48,1.0
3883,48,0,0.0
3885,48,48,1.0
3887,48,0,0.0
3889,48,48,1.0
3891,48,0,0.0
3893,48,48,1.0
3895,48,0,0.0
3897,48,48,1.0
3899,48,0,0.0
3901,48,48,1.0
3903,48,0,0.0
3905,48,48,1.0
3907,48,0,0.0
3909,48,48,1.0
3911,48,0,0.0
3913,48,48,1.0
3915,48,0,0.0
3917,48,48,1.0
3919,48,0,0.0
3921,48,48,1.0
3923,48,0,0.0
3925,48,48,1.0
3927,48,0,0.0
3929,48,48,1.0
3931,48,0,0.0
3933,48,48,1.0
3935,48,0,0.0
3937,48,48,1.0
3939,48,0,0.0
3941,48,48,1.0
3943,48,0,0.0
3945,48,48,1.0
3947,48,0,0.0
3949,48,48,1.0
3951,48,0,0.0
3953,48,48,1.0
3955,48,0,0.0
3957,48,48,1.0
3959,48,0,0.0
3961,48,48,1.0
3963,48,0,0.0
3965,48,48,1.0
3967,48,0,0.0
3969,48,48,1.0
3971,48,0,0.0
3973,48,48,1.0
3975,48,0,0.0
3977,48,48,1.0
3979,48,0,0.0
3981,48,48,1.0
3983,48,0,0.0
3985,48,48,1.0
3987,48,0,0.0
3989,48,48,1.0
3991,48,0,0.0
3993,48,48,1.0
3995,48,0,0.0
3997,48,48,1.0
3999,48,0,0.0
4001,48,48,1.0
4003,48,0,0.0
4005,48,48,1.0
4007,48,0,0.0
4009,48,48,1.0
4011,48,0,0.0
4013,48,48,1.0
4015,48,0,0.0
4017,48,48,1.0
4019,48,0,0.0
4021,48,48,1.0
4023,48,0,0.0
4025,48,48,1.0
4027,48,0,0.0
4029,48,48,1.0
4031,48,0,0.0
4033,48,48,1.0
4035,48,0,0.0
4037,48,48,1.0
4039,48,0,0.0
4041,48,48,1.0
4043,48,0,0.0
4045,48,48,1.0
4047,48,0,0.0
4049,48,48,1.0
4051,48,0,0.0
4053,48,48,1.0
4055,48,0,0.0
4057,48,48,1.0
4059,48,0,0.0
4061,48,48,1.0
4063,48,0,0.0
4065,48,48,1.0
4067,48,0,0.0
4069,48,48,1.0
4071,48,0,0.0
4073,48,48,1.0
4075,48,0,0.0
4077,48,48,1.0
4079,48,0,0.0
4081,48,48,1.0
4083,48,0,0.0
4085,48,48,1.0
4087,48,0,0.0
4089,48,48,1.0
4091,48,0,0.0
4093,48,48,1.0
4095,48,0,0.0
